Jurisdiction,Measure Names,Measure Values
Wright,7-Day Doses Administered,0
Worth,7-Day Doses Administered,0
Webster,7-Day Doses Administered,0
Wayne,7-Day Doses Administered,0
Washington,7-Day Doses Administered,0
Warren,7-Day Doses Administered,0
Vernon,7-Day Doses Administered,0
Unknown Jurisdiction,7-Day Doses Administered,0
Texas,7-Day Doses Administered,0
Taney,7-Day Doses Administered,0
Sullivan,7-Day Doses Administered,0
Stone,7-Day Doses Administered,0
Stoddard,7-Day Doses Administered,0
Ste. Genevieve,7-Day Doses Administered,0
St. Louis City,7-Day Doses Administered,0
St. Louis,7-Day Doses Administered,0
St. Francois,7-Day Doses Administered,0
St. Clair,7-Day Doses Administered,0
St. Charles,7-Day Doses Administered,0
Shelby,7-Day Doses Administered,0
Shannon,7-Day Doses Administered,0
Scott,7-Day Doses Administered,0
Scotland,7-Day Doses Administered,0
Schuyler,7-Day Doses Administered,0
Saline,7-Day Doses Administered,0
Ripley,7-Day Doses Administered,0
Reynolds,7-Day Doses Administered,0
Ray,7-Day Doses Administered,0
Randolph,7-Day Doses Administered,0
Ralls,7-Day Doses Administered,0
Putnam,7-Day Doses Administered,0
Pulaski,7-Day Doses Administered,0
Polk,7-Day Doses Administered,0
Platte,7-Day Doses Administered,0
Pike,7-Day Doses Administered,0
Phelps,7-Day Doses Administered,0
Pettis,7-Day Doses Administered,0
Perry,7-Day Doses Administered,0
Pemiscot,7-Day Doses Administered,0
Ozark,7-Day Doses Administered,0
Osage,7-Day Doses Administered,0
Oregon,7-Day Doses Administered,0
Nodaway,7-Day Doses Administered,0
Newton,7-Day Doses Administered,0
New Madrid,7-Day Doses Administered,0
Morgan,7-Day Doses Administered,0
Montgomery,7-Day Doses Administered,0
Monroe,7-Day Doses Administered,0
Moniteau,7-Day Doses Administered,0
Mississippi,7-Day Doses Administered,0
Miller,7-Day Doses Administered,0
Mercer,7-Day Doses Administered,0
McDonald,7-Day Doses Administered,0
Marion,7-Day Doses Administered,0
Maries,7-Day Doses Administered,0
Madison,7-Day Doses Administered,0
Macon,7-Day Doses Administered,0
Livingston,7-Day Doses Administered,0
Linn,7-Day Doses Administered,0
Lincoln,7-Day Doses Administered,0
Lewis,7-Day Doses Administered,0
Lawrence,7-Day Doses Administered,0
Lafayette,7-Day Doses Administered,0
Laclede,7-Day Doses Administered,0
Knox,7-Day Doses Administered,0
Kansas City,7-Day Doses Administered,0
Joplin,7-Day Doses Administered,0
Johnson,7-Day Doses Administered,0
Jefferson,7-Day Doses Administered,0
Jasper,7-Day Doses Administered,0
Jackson,7-Day Doses Administered,0
Iron,7-Day Doses Administered,0
Independence,7-Day Doses Administered,0
Howell,7-Day Doses Administered,0
Howard,7-Day Doses Administered,0
Holt,7-Day Doses Administered,0
Hickory,7-Day Doses Administered,0
Henry,7-Day Doses Administered,0
Harrison,7-Day Doses Administered,0
Grundy,7-Day Doses Administered,0
Greene,7-Day Doses Administered,0
Gentry,7-Day Doses Administered,0
Gasconade,7-Day Doses Administered,0
Franklin,7-Day Doses Administered,0
Dunklin,7-Day Doses Administered,0
Douglas,7-Day Doses Administered,0
Dent,7-Day Doses Administered,0
DeKalb,7-Day Doses Administered,0
Daviess,7-Day Doses Administered,0
Dallas,7-Day Doses Administered,0
Dade,7-Day Doses Administered,0
Crawford,7-Day Doses Administered,0
Cooper,7-Day Doses Administered,0
Cole,7-Day Doses Administered,0
Clinton,7-Day Doses Administered,0
Clay,7-Day Doses Administered,0
Clark,7-Day Doses Administered,0
Christian,7-Day Doses Administered,0
Chariton,7-Day Doses Administered,0
Cedar,7-Day Doses Administered,0
Cass,7-Day Doses Administered,0
Carter,7-Day Doses Administered,0
Carroll,7-Day Doses Administered,0
Cape Girardeau,7-Day Doses Administered,0
Camden,7-Day Doses Administered,0
Callaway,7-Day Doses Administered,0
Caldwell,7-Day Doses Administered,0
Butler,7-Day Doses Administered,0
Buchanan,7-Day Doses Administered,0
Boone,7-Day Doses Administered,0
Bollinger,7-Day Doses Administered,0
Benton,7-Day Doses Administered,0
Bates,7-Day Doses Administered,0
Barton,7-Day Doses Administered,0
Barry,7-Day Doses Administered,0
Audrain,7-Day Doses Administered,0
Atchison,7-Day Doses Administered,0
Andrew,7-Day Doses Administered,0
Adair,7-Day Doses Administered,0
Wright,Percent of Population Completing Vaccination,0.375799661
Worth,Percent of Population Completing Vaccination,0.401390959
Webster,Percent of Population Completing Vaccination,0.413593655
Wayne,Percent of Population Completing Vaccination,0.320360444
Washington,Percent of Population Completing Vaccination,0.361868176
Warren,Percent of Population Completing Vaccination,0.457151673
Vernon,Percent of Population Completing Vaccination,0.363808783
Unknown Jurisdiction,Percent of Population Completing Vaccination,
Texas,Percent of Population Completing Vaccination,0.337073785
Taney,Percent of Population Completing Vaccination,0.435542126
Sullivan,Percent of Population Completing Vaccination,0.450320250
Stone,Percent of Population Completing Vaccination,0.428705558
Stoddard,Percent of Population Completing Vaccination,0.403376400
Ste. Genevieve,Percent of Population Completing Vaccination,0.393092657
St. Louis City,Percent of Population Completing Vaccination,0.635929016
St. Louis,Percent of Population Completing Vaccination,0.685516569
St. Francois,Percent of Population Completing Vaccination,0.465521089
St. Clair,Percent of Population Completing Vaccination,0.388634671
St. Charles,Percent of Population Completing Vaccination,0.650218147
Shelby,Percent of Population Completing Vaccination,0.456661046
Shannon,Percent of Population Completing Vaccination,0.339578741
Scott,Percent of Population Completing Vaccination,0.420741902
Scotland,Percent of Population Completing Vaccination,0.286821705
Schuyler,Percent of Population Completing Vaccination,0.306652361
Saline,Percent of Population Completing Vaccination,0.489345811
Ripley,Percent of Population Completing Vaccination,0.295529801
Reynolds,Percent of Population Completing Vaccination,0.318341308
Ray,Percent of Population Completing Vaccination,0.496307238
Randolph,Percent of Population Completing Vaccination,0.413003071
Ralls,Percent of Population Completing Vaccination,0.408187021
Putnam,Percent of Population Completing Vaccination,0.338798978
Pulaski,Percent of Population Completing Vaccination,0.227156082
Polk,Percent of Population Completing Vaccination,0.433823758
Platte,Percent of Population Completing Vaccination,0.464982800
Pike,Percent of Population Completing Vaccination,0.392525407
Phelps,Percent of Population Completing Vaccination,0.455230745
Pettis,Percent of Population Completing Vaccination,0.453317272
Perry,Percent of Population Completing Vaccination,0.418269231
Pemiscot,Percent of Population Completing Vaccination,0.305662765
Ozark,Percent of Population Completing Vaccination,0.306300414
Osage,Percent of Population Completing Vaccination,0.452221814
Oregon,Percent of Population Completing Vaccination,0.316174376
Nodaway,Percent of Population Completing Vaccination,0.501720080
Newton,Percent of Population Completing Vaccination,0.330389661
New Madrid,Percent of Population Completing Vaccination,0.374092293
Morgan,Percent of Population Completing Vaccination,0.381247879
Montgomery,Percent of Population Completing Vaccination,0.468963726
Monroe,Percent of Population Completing Vaccination,0.424919019
Moniteau,Percent of Population Completing Vaccination,0.399268535
Mississippi,Percent of Population Completing Vaccination,0.409028832
Miller,Percent of Population Completing Vaccination,0.401030485
Mercer,Percent of Population Completing Vaccination,0.394802322
McDonald,Percent of Population Completing Vaccination,0.332180234
Marion,Percent of Population Completing Vaccination,0.424956186
Maries,Percent of Population Completing Vaccination,0.406461998
Madison,Percent of Population Completing Vaccination,0.406022502
Macon,Percent of Population Completing Vaccination,0.432427069
Livingston,Percent of Population Completing Vaccination,0.467918828
Linn,Percent of Population Completing Vaccination,0.465436242
Lincoln,Percent of Population Completing Vaccination,0.439530273
Lewis,Percent of Population Completing Vaccination,0.331730769
Lawrence,Percent of Population Completing Vaccination,0.437126841
Lafayette,Percent of Population Completing Vaccination,0.482695365
Laclede,Percent of Population Completing Vaccination,0.383058534
Knox,Percent of Population Completing Vaccination,0.432179843
Kansas City,Percent of Population Completing Vaccination,0.630032282
Joplin,Percent of Population Completing Vaccination,0.660991654
Johnson,Percent of Population Completing Vaccination,0.385464837
Jefferson,Percent of Population Completing Vaccination,0.533656772
Jasper,Percent of Population Completing Vaccination,0.355528626
Jackson,Percent of Population Completing Vaccination,0.606928309
Iron,Percent of Population Completing Vaccination,0.387358025
Independence,Percent of Population Completing Vaccination,0.570419638
Howell,Percent of Population Completing Vaccination,0.380362440
Howard,Percent of Population Completing Vaccination,0.456554345
Holt,Percent of Population Completing Vaccination,0.477856007
Hickory,Percent of Population Completing Vaccination,0.427912825
Henry,Percent of Population Completing Vaccination,0.503344941
Harrison,Percent of Population Completing Vaccination,0.367217433
Grundy,Percent of Population Completing Vaccination,0.415329949
Greene,Percent of Population Completing Vaccination,0.536548999
Gentry,Percent of Population Completing Vaccination,0.457616801
Gasconade,Percent of Population Completing Vaccination,0.479464164
Franklin,Percent of Population Completing Vaccination,0.545500014
Dunklin,Percent of Population Completing Vaccination,0.374480794
Douglas,Percent of Population Completing Vaccination,0.248540008
Dent,Percent of Population Completing Vaccination,0.340461054
DeKalb,Percent of Population Completing Vaccination,0.331792460
Daviess,Percent of Population Completing Vaccination,0.412418459
Dallas,Percent of Population Completing Vaccination,0.373503970
Dade,Percent of Population Completing Vaccination,0.453643698
Crawford,Percent of Population Completing Vaccination,0.363085284
Cooper,Percent of Population Completing Vaccination,0.463380202
Cole,Percent of Population Completing Vaccination,0.556531370
Clinton,Percent of Population Completing Vaccination,0.509883749
Clay,Percent of Population Completing Vaccination,0.501536363
Clark,Percent of Population Completing Vaccination,0.305723113
Christian,Percent of Population Completing Vaccination,0.485377279
Chariton,Percent of Population Completing Vaccination,0.439806087
Cedar,Percent of Population Completing Vaccination,0.361558297
Cass,Percent of Population Completing Vaccination,0.536616783
Carter,Percent of Population Completing Vaccination,0.320461384
Carroll,Percent of Population Completing Vaccination,0.514575412
Cape Girardeau,Percent of Population Completing Vaccination,0.517262365
Camden,Percent of Population Completing Vaccination,0.469949250
Callaway,Percent of Population Completing Vaccination,0.516237177
Caldwell,Percent of Population Completing Vaccination,0.403658537
Butler,Percent of Population Completing Vaccination,0.364871227
Buchanan,Percent of Population Completing Vaccination,0.452119866
Boone,Percent of Population Completing Vaccination,0.652549276
Bollinger,Percent of Population Completing Vaccination,0.314843814
Benton,Percent of Population Completing Vaccination,0.480687137
Bates,Percent of Population Completing Vaccination,0.416398714
Barton,Percent of Population Completing Vaccination,0.346520334
Barry,Percent of Population Completing Vaccination,0.416971695
Audrain,Percent of Population Completing Vaccination,0.405033874
Atchison,Percent of Population Completing Vaccination,0.580789423
Andrew,Percent of Population Completing Vaccination,0.478884372
Adair,Percent of Population Completing Vaccination,0.495284694
Wright,Percent of Population Initiating Vaccination,0.409207720
Worth,Percent of Population Initiating Vaccination,0.433184302
Webster,Percent of Population Initiating Vaccination,0.444913114
Wayne,Percent of Population Initiating Vaccination,0.350112639
Washington,Percent of Population Initiating Vaccination,0.397816417
Warren,Percent of Population Initiating Vaccination,0.484277259
Vernon,Percent of Population Initiating Vaccination,0.385935904
Unknown Jurisdiction,Percent of Population Initiating Vaccination,
Texas,Percent of Population Initiating Vaccination,0.365973699
Taney,Percent of Population Initiating Vaccination,0.483067515
Sullivan,Percent of Population Initiating Vaccination,0.476268681
Stone,Percent of Population Initiating Vaccination,0.466574862
Stoddard,Percent of Population Initiating Vaccination,0.436279070
Ste. Genevieve,Percent of Population Initiating Vaccination,0.414720018
St. Louis City,Percent of Population Initiating Vaccination,0.711490605
St. Louis,Percent of Population Initiating Vaccination,0.756088533
St. Francois,Percent of Population Initiating Vaccination,0.502075430
St. Clair,Percent of Population Initiating Vaccination,0.416515909
St. Charles,Percent of Population Initiating Vaccination,0.699571168
Shelby,Percent of Population Initiating Vaccination,0.477571669
Shannon,Percent of Population Initiating Vaccination,0.363825618
Scott,Percent of Population Initiating Vaccination,0.461154650
Scotland,Percent of Population Initiating Vaccination,0.288453692
Schuyler,Percent of Population Initiating Vaccination,0.313519313
Saline,Percent of Population Initiating Vaccination,0.535872765
Ripley,Percent of Population Initiating Vaccination,0.325782661
Reynolds,Percent of Population Initiating Vaccination,0.344338118
Ray,Percent of Population Initiating Vaccination,0.500608220
Randolph,Percent of Population Initiating Vaccination,0.459067399
Ralls,Percent of Population Initiating Vaccination,0.430497623
Putnam,Percent of Population Initiating Vaccination,0.356047700
Pulaski,Percent of Population Initiating Vaccination,0.279012299
Polk,Percent of Population Initiating Vaccination,0.463373666
Platte,Percent of Population Initiating Vaccination,0.509354477
Pike,Percent of Population Initiating Vaccination,0.413779915
Phelps,Percent of Population Initiating Vaccination,0.500953492
Pettis,Percent of Population Initiating Vaccination,0.500366093
Perry,Percent of Population Initiating Vaccination,0.442098662
Pemiscot,Percent of Population Initiating Vaccination,0.356216387
Ozark,Percent of Population Initiating Vaccination,0.343252671
Osage,Percent of Population Initiating Vaccination,0.475358061
Oregon,Percent of Population Initiating Vaccination,0.346281698
Nodaway,Percent of Population Initiating Vaccination,0.534582654
Newton,Percent of Population Initiating Vaccination,0.360916389
New Madrid,Percent of Population Initiating Vaccination,0.413328648
Morgan,Percent of Population Initiating Vaccination,0.409027003
Montgomery,Percent of Population Initiating Vaccination,0.507401957
Monroe,Percent of Population Initiating Vaccination,0.467029153
Moniteau,Percent of Population Initiating Vaccination,0.423010166
Mississippi,Percent of Population Initiating Vaccination,0.440515933
Miller,Percent of Population Initiating Vaccination,0.418751708
Mercer,Percent of Population Initiating Vaccination,0.428531933
McDonald,Percent of Population Initiating Vaccination,0.397031134
Marion,Percent of Population Initiating Vaccination,0.453767964
Maries,Percent of Population Initiating Vaccination,0.433942739
Madison,Percent of Population Initiating Vaccination,0.441677697
Macon,Percent of Population Initiating Vaccination,0.454058345
Livingston,Percent of Population Initiating Vaccination,0.496092467
Linn,Percent of Population Initiating Vaccination,0.507046980
Lincoln,Percent of Population Initiating Vaccination,0.475013980
Lewis,Percent of Population Initiating Vaccination,0.348097381
Lawrence,Percent of Population Initiating Vaccination,0.472402555
Lafayette,Percent of Population Initiating Vaccination,0.514461294
Laclede,Percent of Population Initiating Vaccination,0.415558604
Knox,Percent of Population Initiating Vaccination,0.439504925
Kansas City,Percent of Population Initiating Vaccination,0.710787015
Joplin,Percent of Population Initiating Vaccination,0.733333333
Johnson,Percent of Population Initiating Vaccination,0.428008583
Jefferson,Percent of Population Initiating Vaccination,0.573286950
Jasper,Percent of Population Initiating Vaccination,0.393353015
Jackson,Percent of Population Initiating Vaccination,0.649536369
Iron,Percent of Population Initiating Vaccination,0.415209877
Independence,Percent of Population Initiating Vaccination,0.620354498
Howell,Percent of Population Initiating Vaccination,0.419622604
Howard,Percent of Population Initiating Vaccination,0.503249675
Holt,Percent of Population Initiating Vaccination,0.462411992
Hickory,Percent of Population Initiating Vaccination,0.461127410
Henry,Percent of Population Initiating Vaccination,0.540276760
Harrison,Percent of Population Initiating Vaccination,0.387811303
Grundy,Percent of Population Initiating Vaccination,0.421827411
Greene,Percent of Population Initiating Vaccination,0.580631623
Gentry,Percent of Population Initiating Vaccination,0.479835641
Gasconade,Percent of Population Initiating Vaccination,0.505303958
Franklin,Percent of Population Initiating Vaccination,0.577558264
Dunklin,Percent of Population Initiating Vaccination,0.414335244
Douglas,Percent of Population Initiating Vaccination,0.283048919
Dent,Percent of Population Initiating Vaccination,0.378603994
DeKalb,Percent of Population Initiating Vaccination,0.343349008
Daviess,Percent of Population Initiating Vaccination,0.407586374
Dallas,Percent of Population Initiating Vaccination,0.401528617
Dade,Percent of Population Initiating Vaccination,0.474672662
Crawford,Percent of Population Initiating Vaccination,0.392474916
Cooper,Percent of Population Initiating Vaccination,0.499858829
Cole,Percent of Population Initiating Vaccination,0.592155841
Clinton,Percent of Population Initiating Vaccination,0.534801589
Clay,Percent of Population Initiating Vaccination,0.538187256
Clark,Percent of Population Initiating Vaccination,0.323083713
Christian,Percent of Population Initiating Vaccination,0.522535132
Chariton,Percent of Population Initiating Vaccination,0.466065176
Cedar,Percent of Population Initiating Vaccination,0.385810858
Cass,Percent of Population Initiating Vaccination,0.583945823
Carter,Percent of Population Initiating Vaccination,0.362754931
Carroll,Percent of Population Initiating Vaccination,0.512155778
Cape Girardeau,Percent of Population Initiating Vaccination,0.563920833
Camden,Percent of Population Initiating Vaccination,0.477594212
Callaway,Percent of Population Initiating Vaccination,0.542945265
Caldwell,Percent of Population Initiating Vaccination,0.423835920
Butler,Percent of Population Initiating Vaccination,0.401855078
Buchanan,Percent of Population Initiating Vaccination,0.489240419
Boone,Percent of Population Initiating Vaccination,0.716152341
Bollinger,Percent of Population Initiating Vaccination,0.340229127
Benton,Percent of Population Initiating Vaccination,0.520598673
Bates,Percent of Population Initiating Vaccination,0.442493198
Barton,Percent of Population Initiating Vaccination,0.372979411
Barry,Percent of Population Initiating Vaccination,0.464751739
Audrain,Percent of Population Initiating Vaccination,0.450173310
Atchison,Percent of Population Initiating Vaccination,0.597316741
Andrew,Percent of Population Initiating Vaccination,0.495313911
Adair,Percent of Population Initiating Vaccination,0.527009431
Wright,COVID-19 Vaccine Regimen Completed,6873
Worth,COVID-19 Vaccine Regimen Completed,808
Webster,COVID-19 Vaccine Regimen Completed,16375
Wayne,COVID-19 Vaccine Regimen Completed,4124
Washington,COVID-19 Vaccine Regimen Completed,8949
Warren,COVID-19 Vaccine Regimen Completed,16297
Vernon,COVID-19 Vaccine Regimen Completed,7481
Unknown Jurisdiction,COVID-19 Vaccine Regimen Completed,84920
Texas,COVID-19 Vaccine Regimen Completed,8561
Taney,COVID-19 Vaccine Regimen Completed,24359
Sullivan,COVID-19 Vaccine Regimen Completed,2742
Stone,COVID-19 Vaccine Regimen Completed,13698
Stoddard,COVID-19 Vaccine Regimen Completed,11708
Ste. Genevieve,COVID-19 Vaccine Regimen Completed,7034
St. Louis City,COVID-19 Vaccine Regimen Completed,191145
St. Louis,COVID-19 Vaccine Regimen Completed,681544
St. Francois,COVID-19 Vaccine Regimen Completed,31290
St. Clair,COVID-19 Vaccine Regimen Completed,3652
St. Charles,COVID-19 Vaccine Regimen Completed,261402
Shelby,COVID-19 Vaccine Regimen Completed,2708
Shannon,COVID-19 Vaccine Regimen Completed,2773
Scott,COVID-19 Vaccine Regimen Completed,16106
Scotland,COVID-19 Vaccine Regimen Completed,1406
Schuyler,COVID-19 Vaccine Regimen Completed,1429
Saline,COVID-19 Vaccine Regimen Completed,11138
Ripley,COVID-19 Vaccine Regimen Completed,3927
Reynolds,COVID-19 Vaccine Regimen Completed,1996
Ray,COVID-19 Vaccine Regimen Completed,11424
Randolph,COVID-19 Vaccine Regimen Completed,10221
Ralls,COVID-19 Vaccine Regimen Completed,4208
Putnam,COVID-19 Vaccine Regimen Completed,1591
Pulaski,COVID-19 Vaccine Regimen Completed,11950
Polk,COVID-19 Vaccine Regimen Completed,13947
Platte,COVID-19 Vaccine Regimen Completed,25276
Pike,COVID-19 Vaccine Regimen Completed,7184
Phelps,COVID-19 Vaccine Regimen Completed,20291
Pettis,COVID-19 Vaccine Regimen Completed,19193
Perry,COVID-19 Vaccine Regimen Completed,8004
Pemiscot,COVID-19 Vaccine Regimen Completed,4831
Ozark,COVID-19 Vaccine Regimen Completed,2810
Osage,COVID-19 Vaccine Regimen Completed,6157
Oregon,COVID-19 Vaccine Regimen Completed,3329
Nodaway,COVID-19 Vaccine Regimen Completed,11084
Newton,COVID-19 Vaccine Regimen Completed,16873
New Madrid,COVID-19 Vaccine Regimen Completed,6388
Morgan,COVID-19 Vaccine Regimen Completed,7864
Montgomery,COVID-19 Vaccine Regimen Completed,5417
Monroe,COVID-19 Vaccine Regimen Completed,3673
Moniteau,COVID-19 Vaccine Regimen Completed,6441
Mississippi,COVID-19 Vaccine Regimen Completed,5391
Miller,COVID-19 Vaccine Regimen Completed,10274
Mercer,COVID-19 Vaccine Regimen Completed,1428
McDonald,COVID-19 Vaccine Regimen Completed,7586
Marion,COVID-19 Vaccine Regimen Completed,12124
Maries,COVID-19 Vaccine Regimen Completed,3535
Madison,COVID-19 Vaccine Regimen Completed,4908
Macon,COVID-19 Vaccine Regimen Completed,6537
Livingston,COVID-19 Vaccine Regimen Completed,7125
Linn,COVID-19 Vaccine Regimen Completed,5548
Lincoln,COVID-19 Vaccine Regimen Completed,25938
Lewis,COVID-19 Vaccine Regimen Completed,3243
Lawrence,COVID-19 Vaccine Regimen Completed,16766
Lafayette,COVID-19 Vaccine Regimen Completed,15788
Laclede,COVID-19 Vaccine Regimen Completed,13684
Knox,COVID-19 Vaccine Regimen Completed,1711
Kansas City,COVID-19 Vaccine Regimen Completed,312072
Joplin,COVID-19 Vaccine Regimen Completed,33661
Johnson,COVID-19 Vaccine Regimen Completed,20839
Jefferson,COVID-19 Vaccine Regimen Completed,120116
Jasper,COVID-19 Vaccine Regimen Completed,27578
Jackson,COVID-19 Vaccine Regimen Completed,163569
Iron,COVID-19 Vaccine Regimen Completed,3922
Independence,COVID-19 Vaccine Regimen Completed,66552
Howell,COVID-19 Vaccine Regimen Completed,15259
Howard,COVID-19 Vaccine Regimen Completed,4566
Holt,COVID-19 Vaccine Regimen Completed,2104
Hickory,COVID-19 Vaccine Regimen Completed,4084
Henry,COVID-19 Vaccine Regimen Completed,10985
Harrison,COVID-19 Vaccine Regimen Completed,3067
Grundy,COVID-19 Vaccine Regimen Completed,4091
Greene,COVID-19 Vaccine Regimen Completed,157255
Gentry,COVID-19 Vaccine Regimen Completed,3007
Gasconade,COVID-19 Vaccine Regimen Completed,7051
Franklin,COVID-19 Vaccine Regimen Completed,56714
Dunklin,COVID-19 Vaccine Regimen Completed,10909
Douglas,COVID-19 Vaccine Regimen Completed,3277
Dent,COVID-19 Vaccine Regimen Completed,5302
DeKalb,COVID-19 Vaccine Regimen Completed,4163
Daviess,COVID-19 Vaccine Regimen Completed,3414
Dallas,COVID-19 Vaccine Regimen Completed,6304
Dade,COVID-19 Vaccine Regimen Completed,3430
Crawford,COVID-19 Vaccine Regimen Completed,8685
Cooper,COVID-19 Vaccine Regimen Completed,8206
Cole,COVID-19 Vaccine Regimen Completed,42711
Clinton,COVID-19 Vaccine Regimen Completed,10395
Clay,COVID-19 Vaccine Regimen Completed,61045
Clark,COVID-19 Vaccine Regimen Completed,2078
Christian,COVID-19 Vaccine Regimen Completed,43002
Chariton,COVID-19 Vaccine Regimen Completed,3266
Cedar,COVID-19 Vaccine Regimen Completed,5188
Cass,COVID-19 Vaccine Regimen Completed,56656
Carter,COVID-19 Vaccine Regimen Completed,1917
Carroll,COVID-19 Vaccine Regimen Completed,4466
Cape Girardeau,COVID-19 Vaccine Regimen Completed,40797
Camden,COVID-19 Vaccine Regimen Completed,21761
Callaway,COVID-19 Vaccine Regimen Completed,23098
Caldwell,COVID-19 Vaccine Regimen Completed,3641
Butler,COVID-19 Vaccine Regimen Completed,15499
Buchanan,COVID-19 Vaccine Regimen Completed,39499
Boone,COVID-19 Vaccine Regimen Completed,117761
Bollinger,COVID-19 Vaccine Regimen Completed,3820
Benton,COVID-19 Vaccine Regimen Completed,9346
Bates,COVID-19 Vaccine Regimen Completed,6734
Barton,COVID-19 Vaccine Regimen Completed,4073
Barry,COVID-19 Vaccine Regimen Completed,14923
Audrain,COVID-19 Vaccine Regimen Completed,10283
Atchison,COVID-19 Vaccine Regimen Completed,2987
Andrew,COVID-19 Vaccine Regimen Completed,8482
Adair,COVID-19 Vaccine Regimen Completed,12552
Wright,COVID-19 Vaccine Regimen Initiated,7484
Worth,COVID-19 Vaccine Regimen Initiated,872
Webster,COVID-19 Vaccine Regimen Initiated,17615
Wayne,COVID-19 Vaccine Regimen Initiated,4507
Washington,COVID-19 Vaccine Regimen Initiated,9838
Warren,COVID-19 Vaccine Regimen Initiated,17264
Vernon,COVID-19 Vaccine Regimen Initiated,7936
Unknown Jurisdiction,COVID-19 Vaccine Regimen Initiated,92984
Texas,COVID-19 Vaccine Regimen Initiated,9295
Taney,COVID-19 Vaccine Regimen Initiated,27017
Sullivan,COVID-19 Vaccine Regimen Initiated,2900
Stone,COVID-19 Vaccine Regimen Initiated,14908
Stoddard,COVID-19 Vaccine Regimen Initiated,12663
Ste. Genevieve,COVID-19 Vaccine Regimen Initiated,7421
St. Louis City,COVID-19 Vaccine Regimen Initiated,213857
St. Louis,COVID-19 Vaccine Regimen Initiated,751707
St. Francois,COVID-19 Vaccine Regimen Initiated,33747
St. Clair,COVID-19 Vaccine Regimen Initiated,3914
St. Charles,COVID-19 Vaccine Regimen Initiated,281243
Shelby,COVID-19 Vaccine Regimen Initiated,2832
Shannon,COVID-19 Vaccine Regimen Initiated,2971
Scott,COVID-19 Vaccine Regimen Initiated,17653
Scotland,COVID-19 Vaccine Regimen Initiated,1414
Schuyler,COVID-19 Vaccine Regimen Initiated,1461
Saline,COVID-19 Vaccine Regimen Initiated,12197
Ripley,COVID-19 Vaccine Regimen Initiated,4329
Reynolds,COVID-19 Vaccine Regimen Initiated,2159
Ray,COVID-19 Vaccine Regimen Initiated,11523
Randolph,COVID-19 Vaccine Regimen Initiated,11361
Ralls,COVID-19 Vaccine Regimen Initiated,4438
Putnam,COVID-19 Vaccine Regimen Initiated,1672
Pulaski,COVID-19 Vaccine Regimen Initiated,14678
Polk,COVID-19 Vaccine Regimen Initiated,14897
Platte,COVID-19 Vaccine Regimen Initiated,27688
Pike,COVID-19 Vaccine Regimen Initiated,7573
Phelps,COVID-19 Vaccine Regimen Initiated,22329
Pettis,COVID-19 Vaccine Regimen Initiated,21185
Perry,COVID-19 Vaccine Regimen Initiated,8460
Pemiscot,COVID-19 Vaccine Regimen Initiated,5630
Ozark,COVID-19 Vaccine Regimen Initiated,3149
Osage,COVID-19 Vaccine Regimen Initiated,6472
Oregon,COVID-19 Vaccine Regimen Initiated,3646
Nodaway,COVID-19 Vaccine Regimen Initiated,11810
Newton,COVID-19 Vaccine Regimen Initiated,18432
New Madrid,COVID-19 Vaccine Regimen Initiated,7058
Morgan,COVID-19 Vaccine Regimen Initiated,8437
Montgomery,COVID-19 Vaccine Regimen Initiated,5861
Monroe,COVID-19 Vaccine Regimen Initiated,4037
Moniteau,COVID-19 Vaccine Regimen Initiated,6824
Mississippi,COVID-19 Vaccine Regimen Initiated,5806
Miller,COVID-19 Vaccine Regimen Initiated,10728
Mercer,COVID-19 Vaccine Regimen Initiated,1550
McDonald,COVID-19 Vaccine Regimen Initiated,9067
Marion,COVID-19 Vaccine Regimen Initiated,12946
Maries,COVID-19 Vaccine Regimen Initiated,3774
Madison,COVID-19 Vaccine Regimen Initiated,5339
Macon,COVID-19 Vaccine Regimen Initiated,6864
Livingston,COVID-19 Vaccine Regimen Initiated,7554
Linn,COVID-19 Vaccine Regimen Initiated,6044
Lincoln,COVID-19 Vaccine Regimen Initiated,28032
Lewis,COVID-19 Vaccine Regimen Initiated,3403
Lawrence,COVID-19 Vaccine Regimen Initiated,18119
Lafayette,COVID-19 Vaccine Regimen Initiated,16827
Laclede,COVID-19 Vaccine Regimen Initiated,14845
Knox,COVID-19 Vaccine Regimen Initiated,1740
Kansas City,COVID-19 Vaccine Regimen Initiated,352072
Joplin,COVID-19 Vaccine Regimen Initiated,37345
Johnson,COVID-19 Vaccine Regimen Initiated,23139
Jefferson,COVID-19 Vaccine Regimen Initiated,129036
Jasper,COVID-19 Vaccine Regimen Initiated,30512
Jackson,COVID-19 Vaccine Regimen Initiated,175052
Iron,COVID-19 Vaccine Regimen Initiated,4204
Independence,COVID-19 Vaccine Regimen Initiated,72378
Howell,COVID-19 Vaccine Regimen Initiated,16834
Howard,COVID-19 Vaccine Regimen Initiated,5033
Holt,COVID-19 Vaccine Regimen Initiated,2036
Hickory,COVID-19 Vaccine Regimen Initiated,4401
Henry,COVID-19 Vaccine Regimen Initiated,11791
Harrison,COVID-19 Vaccine Regimen Initiated,3239
Grundy,COVID-19 Vaccine Regimen Initiated,4155
Greene,COVID-19 Vaccine Regimen Initiated,170175
Gentry,COVID-19 Vaccine Regimen Initiated,3153
Gasconade,COVID-19 Vaccine Regimen Initiated,7431
Franklin,COVID-19 Vaccine Regimen Initiated,60047
Dunklin,COVID-19 Vaccine Regimen Initiated,12070
Douglas,COVID-19 Vaccine Regimen Initiated,3732
Dent,COVID-19 Vaccine Regimen Initiated,5896
DeKalb,COVID-19 Vaccine Regimen Initiated,4308
Daviess,COVID-19 Vaccine Regimen Initiated,3374
Dallas,COVID-19 Vaccine Regimen Initiated,6777
Dade,COVID-19 Vaccine Regimen Initiated,3589
Crawford,COVID-19 Vaccine Regimen Initiated,9388
Cooper,COVID-19 Vaccine Regimen Initiated,8852
Cole,COVID-19 Vaccine Regimen Initiated,45445
Clinton,COVID-19 Vaccine Regimen Initiated,10903
Clay,COVID-19 Vaccine Regimen Initiated,65506
Clark,COVID-19 Vaccine Regimen Initiated,2196
Christian,COVID-19 Vaccine Regimen Initiated,46294
Chariton,COVID-19 Vaccine Regimen Initiated,3461
Cedar,COVID-19 Vaccine Regimen Initiated,5536
Cass,COVID-19 Vaccine Regimen Initiated,61653
Carter,COVID-19 Vaccine Regimen Initiated,2170
Carroll,COVID-19 Vaccine Regimen Initiated,4445
Cape Girardeau,COVID-19 Vaccine Regimen Initiated,44477
Camden,COVID-19 Vaccine Regimen Initiated,22115
Callaway,COVID-19 Vaccine Regimen Initiated,24293
Caldwell,COVID-19 Vaccine Regimen Initiated,3823
Butler,COVID-19 Vaccine Regimen Initiated,17070
Buchanan,COVID-19 Vaccine Regimen Initiated,42742
Boone,COVID-19 Vaccine Regimen Initiated,129239
Bollinger,COVID-19 Vaccine Regimen Initiated,4128
Benton,COVID-19 Vaccine Regimen Initiated,10122
Bates,COVID-19 Vaccine Regimen Initiated,7156
Barton,COVID-19 Vaccine Regimen Initiated,4384
Barry,COVID-19 Vaccine Regimen Initiated,16633
Audrain,COVID-19 Vaccine Regimen Initiated,11429
Atchison,COVID-19 Vaccine Regimen Initiated,3072
Andrew,COVID-19 Vaccine Regimen Initiated,8773
Adair,COVID-19 Vaccine Regimen Initiated,13356
Wright,Total Doses Administered,13884
Worth,Total Doses Administered,1579
Webster,Total Doses Administered,32889
Wayne,Total Doses Administered,8453
Washington,Total Doses Administered,18435
Warren,Total Doses Administered,32696
Vernon,Total Doses Administered,14666
Unknown Jurisdiction,Total Doses Administered,171520
Texas,Total Doses Administered,17163
Taney,Total Doses Administered,49876
Sullivan,Total Doses Administered,5292
Stone,Total Doses Administered,28042
Stoddard,Total Doses Administered,23646
Ste. Genevieve,Total Doses Administered,14147
St. Louis City,Total Doses Administered,389310
St. Louis,Total Doses Administered,1400637
St. Francois,Total Doses Administered,62057
St. Clair,Total Doses Administered,7348
St. Charles,Total Doses Administered,531566
Shelby,Total Doses Administered,5402
Shannon,Total Doses Administered,5624
Scott,Total Doses Administered,32995
Scotland,Total Doses Administered,2596
Schuyler,Total Doses Administered,2719
Saline,Total Doses Administered,22673
Ripley,Total Doses Administered,8100
Reynolds,Total Doses Administered,4015
Ray,Total Doses Administered,21457
Randolph,Total Doses Administered,20913
Ralls,Total Doses Administered,8450
Putnam,Total Doses Administered,3141
Pulaski,Total Doses Administered,25915
Polk,Total Doses Administered,28109
Platte,Total Doses Administered,51585
Pike,Total Doses Administered,14173
Phelps,Total Doses Administered,41550
Pettis,Total Doses Administered,39587
Perry,Total Doses Administered,16163
Pemiscot,Total Doses Administered,9859
Ozark,Total Doses Administered,5839
Osage,Total Doses Administered,12335
Oregon,Total Doses Administered,6878
Nodaway,Total Doses Administered,22268
Newton,Total Doses Administered,33730
New Madrid,Total Doses Administered,13235
Morgan,Total Doses Administered,15568
Montgomery,Total Doses Administered,11078
Monroe,Total Doses Administered,7522
Moniteau,Total Doses Administered,13051
Mississippi,Total Doses Administered,10794
Miller,Total Doses Administered,19760
Mercer,Total Doses Administered,2822
McDonald,Total Doses Administered,15968
Marion,Total Doses Administered,24336
Maries,Total Doses Administered,7086
Madison,Total Doses Administered,10075
Macon,Total Doses Administered,13017
Livingston,Total Doses Administered,14158
Linn,Total Doses Administered,11388
Lincoln,Total Doses Administered,52580
Lewis,Total Doses Administered,6404
Lawrence,Total Doses Administered,33583
Lafayette,Total Doses Administered,31549
Laclede,Total Doses Administered,27564
Knox,Total Doses Administered,3325
Kansas City,Total Doses Administered,643352
Joplin,Total Doses Administered,69591
Johnson,Total Doses Administered,42694
Jefferson,Total Doses Administered,241171
Jasper,Total Doses Administered,56698
Jackson,Total Doses Administered,327627
Iron,Total Doses Administered,7980
Independence,Total Doses Administered,134322
Howell,Total Doses Administered,31085
Howard,Total Doses Administered,9451
Holt,Total Doses Administered,3748
Hickory,Total Doses Administered,8236
Henry,Total Doses Administered,22320
Harrison,Total Doses Administered,5878
Grundy,Total Doses Administered,7708
Greene,Total Doses Administered,318537
Gentry,Total Doses Administered,5856
Gasconade,Total Doses Administered,14057
Franklin,Total Doses Administered,113082
Dunklin,Total Doses Administered,21988
Douglas,Total Doses Administered,6842
Dent,Total Doses Administered,11022
DeKalb,Total Doses Administered,8006
Daviess,Total Doses Administered,6183
Dallas,Total Doses Administered,12732
Dade,Total Doses Administered,6735
Crawford,Total Doses Administered,17404
Cooper,Total Doses Administered,16694
Cole,Total Doses Administered,85478
Clinton,Total Doses Administered,20411
Clay,Total Doses Administered,123131
Clark,Total Doses Administered,4063
Christian,Total Doses Administered,86909
Chariton,Total Doses Administered,6548
Cedar,Total Doses Administered,10309
Cass,Total Doses Administered,115350
Carter,Total Doses Administered,4026
Carroll,Total Doses Administered,8220
Cape Girardeau,Total Doses Administered,83248
Camden,Total Doses Administered,40288
Callaway,Total Doses Administered,45200
Caldwell,Total Doses Administered,7105
Butler,Total Doses Administered,31395
Buchanan,Total Doses Administered,79253
Boone,Total Doses Administered,242259
Bollinger,Total Doses Administered,7769
Benton,Total Doses Administered,19186
Bates,Total Doses Administered,13341
Barton,Total Doses Administered,8154
Barry,Total Doses Administered,30786
Audrain,Total Doses Administered,21387
Atchison,Total Doses Administered,5578
Andrew,Total Doses Administered,16437
Adair,Total Doses Administered,25027
